<?xml version="1.0" encoding="UTF-8" standalone="yes"?>
<archiveLog xmlns="regression.test.tool">
    <entry type="ARCHIVE" suffix="" msg="Archive created." date="2013-01-22T14:44:38.897+01:00"/>
    <entry type="ARCHIVE" suffix="SiPLE" msg="Configuration added: " date="2013-01-22T14:44:52.825+01:00">
        <detail priority="0" suffix="siple.syntax.SiPLELexer" msg="Lexer class:"/>
        <detail priority="0" suffix="siple.syntax.SiPLEParser" msg="Parser class:"/>
        <detail priority="1" suffix="../bin" msg="Added classpath entry: "/>
    </entry>
    <entry type="ARCHIVE" suffix="correct" msg="Test suite created: " date="2013-01-22T14:44:56.974+01:00"/>
    <entry type="ARCHIVE" suffix="correct" msg="Test suite modified: " date="2013-01-22T14:45:07.324+01:00">
        <detail priority="0" suffix="/Users/cbuerger/Documents/Uni/Teaching/WS2012/Softwareentwicklungswerkzeuge/workspace/SiPLE/tests/correct/boolean_arithmetics.siple" msg="Test case 'boolean_arithmetics' added: "/>
        <detail priority="0" suffix="/Users/cbuerger/Documents/Uni/Teaching/WS2012/Softwareentwicklungswerkzeuge/workspace/SiPLE/tests/correct/closures.siple" msg="Test case 'closures' added: "/>
        <detail priority="0" suffix="/Users/cbuerger/Documents/Uni/Teaching/WS2012/Softwareentwicklungswerkzeuge/workspace/SiPLE/tests/correct/control_flow.siple" msg="Test case 'control_flow' added: "/>
        <detail priority="0" suffix="/Users/cbuerger/Documents/Uni/Teaching/WS2012/Softwareentwicklungswerkzeuge/workspace/SiPLE/tests/correct/integer_and_real_arithmetics.siple" msg="Test case 'integer_and_real_arithmetics' added: "/>
        <detail priority="0" suffix="/Users/cbuerger/Documents/Uni/Teaching/WS2012/Softwareentwicklungswerkzeuge/workspace/SiPLE/tests/correct/nested_procedures.siple" msg="Test case 'nested_procedures' added: "/>
        <detail priority="0" suffix="/Users/cbuerger/Documents/Uni/Teaching/WS2012/Softwareentwicklungswerkzeuge/workspace/SiPLE/tests/correct/pointers.siple" msg="Test case 'pointers' added: "/>
        <detail priority="0" suffix="/Users/cbuerger/Documents/Uni/Teaching/WS2012/Softwareentwicklungswerkzeuge/workspace/SiPLE/tests/correct/procedure_basics.siple" msg="Test case 'procedure_basics' added: "/>
        <detail priority="0" suffix="/Users/cbuerger/Documents/Uni/Teaching/WS2012/Softwareentwicklungswerkzeuge/workspace/SiPLE/tests/correct/relational_arithmetics.siple" msg="Test case 'relational_arithmetics' added: "/>
        <detail priority="0" suffix="/Users/cbuerger/Documents/Uni/Teaching/WS2012/Softwareentwicklungswerkzeuge/workspace/SiPLE/tests/correct/scopes.siple" msg="Test case 'scopes' added: "/>
    </entry>
    <entry type="GENERATION" suffix="SiPLE" msg="Reference data for test suite [correct] generated with configuration: " date="2013-01-22T14:45:12.499+01:00">
        <detail priority="1" suffix="correct/boolean_arithmetics" msg="Reference data for test [correct/boolean_arithmetics] have been generated."/>
        <detail priority="1" suffix="correct/closures" msg="Reference data for test [correct/closures] have been generated."/>
        <detail priority="1" suffix="correct/control_flow" msg="Reference data for test [correct/control_flow] have been generated."/>
        <detail priority="1" suffix="correct/integer_and_real_arithmetics" msg="Reference data for test [correct/integer_and_real_arithmetics] have been generated."/>
        <detail priority="1" suffix="correct/nested_procedures" msg="Reference data for test [correct/nested_procedures] have been generated."/>
        <detail priority="1" suffix="correct/pointers" msg="Reference data for test [correct/pointers] have been generated."/>
        <detail priority="1" suffix="correct/procedure_basics" msg="Reference data for test [correct/procedure_basics] have been generated."/>
        <detail priority="1" suffix="correct/relational_arithmetics" msg="Reference data for test [correct/relational_arithmetics] have been generated."/>
        <detail priority="1" suffix="correct/scopes" msg="Reference data for test [correct/scopes] have been generated."/>
    </entry>
    <entry xmlns:xsi="http://www.w3.org/2001/XMLSchema-instance" xsi:type="testrun" testsuite="correct" configuration="SiPLE" type="TESTRUN" suffix="SiPLE" msg="Test run for test suite [correct] executed with configuration: " date="2013-01-22T14:45:21.164+01:00">
        <result type="PASSED" testVersion="1" refVersion="1" testsuite="correct" testcase="boolean_arithmetics"/>
        <result type="PASSED" testVersion="1" refVersion="1" testsuite="correct" testcase="closures"/>
        <result type="PASSED" testVersion="1" refVersion="1" testsuite="correct" testcase="control_flow"/>
        <result type="PASSED" testVersion="1" refVersion="1" testsuite="correct" testcase="integer_and_real_arithmetics"/>
        <result type="PASSED" testVersion="1" refVersion="1" testsuite="correct" testcase="nested_procedures"/>
        <result type="PASSED" testVersion="1" refVersion="1" testsuite="correct" testcase="pointers"/>
        <result type="PASSED" testVersion="1" refVersion="1" testsuite="correct" testcase="procedure_basics"/>
        <result type="PASSED" testVersion="1" refVersion="1" testsuite="correct" testcase="relational_arithmetics"/>
        <result type="PASSED" testVersion="1" refVersion="1" testsuite="correct" testcase="scopes"/>
    </entry>
</archiveLog>
